Identyfikator,Rodzaj,SKU,"GTIN, UPC, EAN lub ISBN",Nazwa,Opublikowano,"Wyróżniony produkt?","Widoczność w katalogu","Krótki opis",Opis,"Data rozpoczęcia promocji","Data zakończenia promocji","Status podatku","Klasa podatkowa","W magazynie?","Stan magazynowy","Niski stan magazynowy","Pozwalać na zamówienia oczekujące (na dostawę do magazynu)?","Sprzedawany pojedynczo?","Waga (kg)","Długość (cm)","Szerokość (cm)","Wysokość (cm)","Włącz opinie klientów?","Notatka do zakupu","Cena promocyjna",Cena,Kategorie,Znaczniki,"Klasa wysyłkowa",Obrazki,"Limit pobrań","Ważność pobierania",Nadrzędny,"Produkty grupowe","Sprzedaż dodatkowa","Sprzedaż krzyżowa","Zewnętrzny adres URL","Tekst przycisku",Pozycja,Marki,"Nazwa atrybutu 1","Wartości atrybutu 1","Atrybut 1 widoczny","Atrybut 1: globalny","Atrybut 1: wartość domyślna"
1160,simple,,,"Durag Warszawa",1,0,visible,"Czarny satynowy Durag Warszawa - najbardziej uniwersalny i klasyczny z naszej kolekcji\n\n[video width=""720"" height=""1280"" mp4=""https://warsawduragstore.pl/wp-content/uploads/2022/01/Projekt-bez-nazwy.mp4""][/video]","<p data-start=""184"" data-end=""237""><em><strong data-start=""184"" data-end=""235"">Czarny satynowy Durag Warszawa </strong></em></p>\n<p data-start=""239"" data-end=""476""><em>Elegancki czarny durag wykonany z lekkiego, elastycznego satynowego materiału „ice silk”, który daje przyjemne, chłodne uczucie na skórze. Klienci cenią ten model za ponadczasową uniwersalną czerń, subtelny połysk i gładkość materiału.</em></p>\n<p data-start=""478"" data-end=""586""><em><strong data-start=""478"" data-end=""488"">Seria:</strong> Casual – idealny do codziennego noszenia, na miasto, imprezę lub podczas aktywności sportowych.</em></p>\n<p data-start=""588"" data-end=""662""><em><strong data-start=""588"" data-end=""600"">Rozmiar:</strong> Uniwersalny, dopasowany do głów osób powyżej 14 roku życia.</em></p>\n<p data-start=""664"" data-end=""694""><em><strong data-start=""664"" data-end=""692"">Zalecenia pielęgnacyjne:</strong></em></p>\n\n<ul data-start=""695"" data-end=""817"">\n 	<li data-start=""695"" data-end=""752"">\n<p data-start=""697"" data-end=""752""><em>Prać ręcznie w zimnej wodzie, małą ilością detergentu</em></p>\n</li>\n 	<li data-start=""753"" data-end=""783"">\n<p data-start=""755"" data-end=""783""><em>Unikać długiego namaczania</em></p>\n</li>\n 	<li data-start=""784"" data-end=""817"">\n<p data-start=""786"" data-end=""817""><em>Suszyć wyłącznie na powietrzu</em></p>\n</li>\n</ul>\n<p data-start=""819"" data-end=""846""><em><strong data-start=""819"" data-end=""829"">Skład:</strong> 100% poliester</em></p>\n<p data-start=""848"" data-end=""875""><em><strong data-start=""848"" data-end=""873"">Dodatkowe informacje:</strong></em></p>\n\n<ul data-start=""876"" data-end=""916"">\n 	<li data-start=""876"" data-end=""895"">\n<p data-start=""878"" data-end=""895""><em>Darmowa dostawa</em></p>\n</li>\n 	<li data-start=""896"" data-end=""916"">\n<p data-start=""898"" data-end=""916""><em>Możliwość zwrotu</em></p>\n</li>\n</ul>\n<p data-start=""918"" data-end=""1198""><em><strong data-start=""918"" data-end=""942"">Dlaczego „Warszawa”:</strong> nazwa nawiązuje do elegancji, energii i ponadczasowego stylu stolicy Polski. Tak jak Warszawa łączy w sobie nowoczesność z tradycją, tak ten durag łączy komfort, uniwersalną czerń i subtelny połysk – symbol codziennej pewności siebie i miejskiego stylu.</em></p>",,,taxable,,1,18,,0,0,,,,,0,,,79,"Casual, Classic Ones, Silky","czarny, durag, silky, silky durag",,"https://warsawduragstore.pl/wp-content/uploads/2025/08/14.png, https://warsawduragstore.pl/wp-content/uploads/2024/07/black6-scaled.jpg, https://warsawduragstore.pl/wp-content/uploads/2024/07/czarny13-scaled.jpg, https://warsawduragstore.pl/wp-content/uploads/2023/05/20230328_006-scaled-e1747672348695.webp, https://warsawduragstore.pl/wp-content/uploads/2023/05/20230328_021-scaled.webp, https://warsawduragstore.pl/wp-content/uploads/2024/07/czarny7-scaled.jpg, https://warsawduragstore.pl/wp-content/uploads/2023/05/20230328_013-scaled.webp, https://warsawduragstore.pl/wp-content/uploads/2024/07/czarny2-scaled.jpg, https://warsawduragstore.pl/wp-content/uploads/2023/05/20230328_029-scaled-e1744121629720.webp, https://warsawduragstore.pl/wp-content/uploads/2024/07/black1-scaled-e1744121658259.jpg, https://warsawduragstore.pl/wp-content/uploads/2025/05/wyszol1127-scaled.jpg",,,,,,,,,2,,Typ,"Casual, Jedwab, Thick",1,1,
1335,simple,,,"Durag Wrocław",1,0,visible,"&nbsp;\n<h6><em> Satynowy biały durag</em></h6>","Biały satynowy durag wykonany z elastycznego lodowego jedwabiu.\n\nZalecenia:\n– prać krótko z małą ilością detergentów w zimnej wodzie, unikać namaczania\n– suszyć tylko na powietrzu\n\nZawsze darmowa dostawa i możliwy zwrot\n\nSkład:\n– 100% poliester",,,taxable,,1,18,,0,0,,,,,0,,,79,"Casual, Classic Ones, Silky","durag, silky, silky durag",,"https://warsawduragstore.pl/wp-content/uploads/2022/05/Projekt-bez-nazwy-9.png, https://warsawduragstore.pl/wp-content/uploads/2025/06/bialy8-scaled-e1747672190662.jpg, https://warsawduragstore.pl/wp-content/uploads/2023/05/20230328_207-scaled.webp, https://warsawduragstore.pl/wp-content/uploads/2023/05/20230328-227-scaled.webp, https://warsawduragstore.pl/wp-content/uploads/2023/05/20230328_050-scaled.webp, https://warsawduragstore.pl/wp-content/uploads/2024/07/white6-scaled.jpg",,,,,,,,,4,,Typ,"Casual, Thick, Jedwab",1,0,
1365,simple,,,"Durag Łódź",1,0,visible,"<i>Durag Łódź to nasz najpopularniejszy durag wykonany z weluru - uniwersalny kolor i rozmiar</i>","<p data-start=""189"" data-end=""238""><em><strong data-start=""189"" data-end=""236"">Czarny welurowy Durag Łódź </strong></em></p>\n<p data-start=""240"" data-end=""575""><em>Elegancki czarny durag wykonany z wysokiej jakości weluru, który zapewnia charakterystyczny połysk i trwałość. Idealny zarówno do codziennych, casualowych stylizacji, jak i tych bardziej wyjściowych. Dzięki wytrzymałemu materiałowi trwale utrzymuje fryzurę, a elastyczna konstrukcja dopasowuje się do głów osób powyżej 14 roku życia.</em></p>\n<p data-start=""577"" data-end=""666""><em><strong data-start=""577"" data-end=""587"">Seria:</strong> Casual – świetny wybór na miasto, imprezę lub podczas aktywności sportowych.</em></p>\n<p data-start=""668"" data-end=""698""><em><strong data-start=""668"" data-end=""696"">Zalecenia pielęgnacyjne:</strong></em></p>\n\n<ul data-start=""699"" data-end=""821"">\n 	<li data-start=""699"" data-end=""756"">\n<p data-start=""701"" data-end=""756""><em>Prać ręcznie w zimnej wodzie, małą ilością detergentu</em></p>\n</li>\n 	<li data-start=""757"" data-end=""787"">\n<p data-start=""759"" data-end=""787""><em>Unikać długiego namaczania</em></p>\n</li>\n 	<li data-start=""788"" data-end=""821"">\n<p data-start=""790"" data-end=""821""><em>Suszyć wyłącznie na powietrzu</em></p>\n</li>\n</ul>\n<p data-start=""823"" data-end=""850""><em><strong data-start=""823"" data-end=""833"">Skład:</strong> 100% poliester</em></p>\n<p data-start=""852"" data-end=""879""><em><strong data-start=""852"" data-end=""877"">Dodatkowe informacje:</strong></em></p>\n\n<ul data-start=""880"" data-end=""944"">\n 	<li data-start=""880"" data-end=""903"">\n<p data-start=""882"" data-end=""903""><em>Uniwersalny rozmiar</em></p>\n</li>\n 	<li data-start=""904"" data-end=""923"">\n<p data-start=""906"" data-end=""923""><em>Darmowa dostawa</em></p>\n</li>\n 	<li data-start=""924"" data-end=""944"">\n<p data-start=""926"" data-end=""944""><em>Możliwość zwrotu</em></p>\n</li>\n</ul>\n<em> Nazwa „Łódź” nawiązuje do siły, charakteru i miejskiego stylu tego postprzemysłowego miasta. Tak jak Łódź łączy industrialny charakter z kreatywnością i niebanalną estetyką, czarny welurowy durag łączy elegancję, wytrzymałość i subtelny połysk materiału. To durag dla osób, które cenią sobie styl, trwałość i uniwersalność w codziennych oraz bardziej wyjściowych stylizacjach.</em>",,,taxable,,1,9,,0,0,,,,,0,,,79,"Casual, Classic Ones, Velvets",durag,,"https://warsawduragstore.pl/wp-content/uploads/2025/08/6.png, https://warsawduragstore.pl/wp-content/uploads/2024/07/czarnyvelvet13-scaled.jpg, https://warsawduragstore.pl/wp-content/uploads/2022/05/czarny-velvet-inne-podejscier.jpg, https://warsawduragstore.pl/wp-content/uploads/2024/07/blackvelvet2-scaled.jpg, https://warsawduragstore.pl/wp-content/uploads/2024/07/blackvelvet3-scaled.jpg, https://warsawduragstore.pl/wp-content/uploads/2024/07/blackvelvet6-scaled.jpg, https://warsawduragstore.pl/wp-content/uploads/2024/07/czarnyvelvet1-scaled.jpg, https://warsawduragstore.pl/wp-content/uploads/2024/07/czarnyvelvet3-scaled.jpg, https://warsawduragstore.pl/wp-content/uploads/2024/07/blackvelvet10-scaled.jpg, https://warsawduragstore.pl/wp-content/uploads/2024/07/blackvelvet8-scaled.jpg",,,,,,,,,6,,Typ,"Casual, Premium",1,1,
1369,simple,,,"Durag Kraków",1,0,visible,"Nasz Velvet Pink Durag to prosta gwarancja stylu i ochrony. Idealnie nadaje się do uzyskiwania falowanych włosów lub utrzymywania włosów na miejscu podczas snu. Niezależnie od tego, czy stylizujesz włosy, chronisz je przed czynnikami atmosferycznymi, czy po prostu chcesz nadać swojemu stylowi odrobinę blasku, ten welurowy durag zapewni Ci wszystko czego potrzebujesz. Dodatkowo, miękka różowa aksamitna tkanina z pewnością będzie świetnie wyglądać z każdym strojem, a czarny elastyczny pas zapewnia bezpieczne dopasowanie.\n\nMateriał: 100% Poliester Velour\n\n&nbsp;\n<h6><em>Produkt importowany przez Michała Wyszyńskiego, podana cena zawiera podatek VAT</em></h6>","<div class=""flex flex-grow flex-col gap-3"">\n<div class=""min-h-[20px] flex flex-col items-start gap-4 whitespace-pre-wrap"">\n<div class=""markdown prose w-full break-words dark:prose-invert light"">\n\nNasz Velvet Pink Durag jest idealny do uzyskania waves'ow lub trzymania włosów na swoim miejscu podczas snu. Bez względu na to, czy stylizujesz swoje włosy, chronisz je przed warunkami atmosferycznymi, czy po prostu chcesz dodać odrobinę blasku swojemu stylowi, ten aksamitny durag ma to, czego potrzebujesz. Dodatkowo, miękka różowa tkanina z aksamitu z pewnością świetnie wygląda z każdą stylizacją, a czarny elastyczny pasek zapewnia bezpieczne dopasowanie. Kupuj u nas dzisiaj i zdobądź swój Velvet Pink Durag!\n\n</div>\n</div>\n</div>\n<div class=""flex justify-between lg:block"">\n<div class=""text-gray-400 flex self-end lg:self-center justify-center mt-2 gap-2 md:gap-3 lg:gap-1 lg:absolute lg:top-0 lg:translate-x-full lg:right-0 lg:mt-0 lg:pl-2 visible""></div>\n</div>",,,taxable,,0,0,,0,0,,,,,0,,,79,"Casual, Velvets","durag, velours, velvet",,"https://warsawduragstore.pl/wp-content/uploads/2025/08/18.png, https://warsawduragstore.pl/wp-content/uploads/2025/05/wyszol0467-scaled.jpg, https://warsawduragstore.pl/wp-content/uploads/2022/05/wyszol0473-scaled.jpg, https://warsawduragstore.pl/wp-content/uploads/2022/05/wyszol0455-scaled.jpg",,,,,,,,,20,,,,,,
1373,simple,,,"Durag Szczecin",1,0,visible,"Szary welurowy Durag Szczecin nawiązujący do stalowej tożsamości miasta portowego","<div class=""flex flex-grow flex-col gap-3"">\n<div class=""min-h-[20px] flex flex-col items-start gap-4 whitespace-pre-wrap"">\n<div class=""markdown prose w-full break-words dark:prose-invert light"">\n<p data-start=""145"" data-end=""197""><em><strong data-start=""145"" data-end=""195"">Szary welurowy Durag Szczecin </strong></em></p>\n<p data-start=""199"" data-end=""543""><em>Elegancki szary durag wykonany z wysokiej jakości weluru, który zapewnia charakterystyczny połysk i trwałość. Doskonale sprawdzi się zarówno w codziennych, casualowych stylizacjach, jak i w bardziej wyjściowych okazjach. Wytrzymały materiał trwale utrzymuje fryzurę, a elastyczna konstrukcja dopasowuje się do głów osób powyżej 14 roku życia.</em></p>\n<p data-start=""545"" data-end=""640""><em><strong data-start=""545"" data-end=""555"">Seria:</strong> Casual – idealny do noszenia na miasto, imprezę lub podczas aktywności sportowych.</em></p>\n<p data-start=""642"" data-end=""716""><em><strong data-start=""642"" data-end=""654"">Rozmiar:</strong> Uniwersalny, dopasowany do głów osób powyżej 14 roku życia.</em></p>\n<p data-start=""718"" data-end=""748""><em><strong data-start=""718"" data-end=""746"">Zalecenia pielęgnacyjne:</strong></em></p>\n\n<ul data-start=""749"" data-end=""871"">\n 	<li data-start=""749"" data-end=""806"">\n<p data-start=""751"" data-end=""806""><em>Prać ręcznie w zimnej wodzie, małą ilością detergentu</em></p>\n</li>\n 	<li data-start=""807"" data-end=""837"">\n<p data-start=""809"" data-end=""837""><em>Unikać długiego namaczania</em></p>\n</li>\n 	<li data-start=""838"" data-end=""871"">\n<p data-start=""840"" data-end=""871""><em>Suszyć wyłącznie na powietrzu</em></p>\n</li>\n</ul>\n<p data-start=""873"" data-end=""900""><em><strong data-start=""873"" data-end=""883"">Skład:</strong> 100% poliester</em></p>\n<p data-start=""902"" data-end=""929""><em><strong data-start=""902"" data-end=""927"">Dodatkowe informacje:</strong></em></p>\n\n<ul data-start=""930"" data-end=""970"">\n 	<li data-start=""930"" data-end=""949"">\n<p data-start=""932"" data-end=""949""><em>Darmowa dostawa</em></p>\n</li>\n 	<li data-start=""950"" data-end=""970"">\n<p data-start=""952"" data-end=""970""><em>Możliwość zwrotu</em></p>\n</li>\n</ul>\n<p data-start=""972"" data-end=""1295""><em><strong data-start=""972"" data-end=""996"">Dlaczego „Szczecin”:</strong> nazwa odzwierciedla solidność, spokój i miejską elegancję, które kojarzymy z tym portowym miastem. Szary durag „Szczecin” łączy w sobie klasyczny, uniwersalny kolor, gładkość weluru i trwałość – idealny dla osób ceniących styl, wygodę i pewność siebie w codziennych oraz wyjściowych stylizacjach.</em></p>\n\n<h6></h6>\n</div>\n</div>\n</div>",,,taxable,,1,3,,0,0,,,,,0,,,79,"Casual, Velvets","durag, velours, velvet",,"https://warsawduragstore.pl/wp-content/uploads/2022/05/Projekt-bez-nazwy-10.png, https://warsawduragstore.pl/wp-content/uploads/2023/05/20230328-291-scaled.webp, https://warsawduragstore.pl/wp-content/uploads/2023/05/20230328-284-scaled-e1744048044373.webp, https://warsawduragstore.pl/wp-content/uploads/2023/05/20230328-297-scaled.webp, https://warsawduragstore.pl/wp-content/uploads/2023/05/20230328-303-scaled.webp, https://warsawduragstore.pl/wp-content/uploads/2024/07/silvervelvet3-1-scaled.jpg, https://warsawduragstore.pl/wp-content/uploads/2024/07/silvervelvet5-1-scaled.jpg, https://warsawduragstore.pl/wp-content/uploads/2024/07/srebenyvelvet3-scaled.jpg, https://warsawduragstore.pl/wp-content/uploads/2024/07/srebrnyvelvet1-scaled.jpg",,,,,,,,,11,,,,,,
1374,simple,,,"Durag Poznań",1,0,visible,"Fioletowy Durag Poznań w wersji welurowej","<p data-start=""206"" data-end=""260""><em><strong data-start=""206"" data-end=""258"">Fioletowy welurowy Durag Poznań </strong></em></p>\n<p data-start=""262"" data-end=""613""><em>Elegancki fioletowy durag wykonany z wysokiej jakości weluru, który zapewnia charakterystyczny połysk i trwałość. Doskonale sprawdzi się zarówno w codziennych, casualowych stylizacjach, jak i przy bardziej wyjściowych okazjach. Wytrzymały materiał trwale utrzymuje fryzurę, a elastyczna konstrukcja dopasowuje się do głów osób powyżej 14 roku życia.</em></p>\n<p data-start=""615"" data-end=""710""><em><strong data-start=""615"" data-end=""625"">Seria:</strong> Casual – idealny do noszenia na miasto, imprezę lub podczas aktywności sportowych.</em></p>\n<p data-start=""712"" data-end=""786""><em><strong data-start=""712"" data-end=""724"">Rozmiar:</strong> Uniwersalny, dopasowany do głów osób powyżej 14 roku życia.</em></p>\n<p data-start=""788"" data-end=""818""><em><strong data-start=""788"" data-end=""816"">Zalecenia pielęgnacyjne:</strong></em></p>\n\n<ul data-start=""819"" data-end=""941"">\n 	<li data-start=""819"" data-end=""876"">\n<p data-start=""821"" data-end=""876""><em>Prać ręcznie w zimnej wodzie, małą ilością detergentu</em></p>\n</li>\n 	<li data-start=""877"" data-end=""907"">\n<p data-start=""879"" data-end=""907""><em>Unikać długiego namaczania</em></p>\n</li>\n 	<li data-start=""908"" data-end=""941"">\n<p data-start=""910"" data-end=""941""><em>Suszyć wyłącznie na powietrzu</em></p>\n</li>\n</ul>\n<p data-start=""943"" data-end=""970""><em><strong data-start=""943"" data-end=""953"">Skład:</strong> 100% poliester</em></p>\n<p data-start=""972"" data-end=""999""><em><strong data-start=""972"" data-end=""997"">Dodatkowe informacje:</strong></em></p>\n\n<ul data-start=""1000"" data-end=""1040"">\n 	<li data-start=""1000"" data-end=""1019"">\n<p data-start=""1002"" data-end=""1019""><em>Darmowa dostawa</em></p>\n</li>\n 	<li data-start=""1020"" data-end=""1040"">\n<p data-start=""1022"" data-end=""1040""><em>Możliwość zwrotu</em></p>\n</li>\n</ul>\n<p data-start=""1042"" data-end=""1378""><em><strong data-start=""1042"" data-end=""1064"">Dlaczego „Poznań”:</strong> nazwa nawiązuje do harmonii, kreatywności i barwnej energii Poznania – miasta łączącego tradycję z nowoczesnym stylem. Fioletowy durag „Poznań” odzwierciedla tę elegancję i indywidualność, łącząc wyjątkowy kolor, gładkość weluru i ponadczasowy design – idealny dla osób, które cenią styl, wyrazistość i komfort.</em></p>\n\n<h6></h6>",,,taxable,,1,3,,0,0,,,,,0,,,79,"Casual, Velvets","durag, velours, velvet",,"https://warsawduragstore.pl/wp-content/uploads/2022/05/1.jpg, https://warsawduragstore.pl/wp-content/uploads/2024/07/fiolet4-scaled.jpg, https://warsawduragstore.pl/wp-content/uploads/2023/05/20230328_073-scaled.webp, https://warsawduragstore.pl/wp-content/uploads/2023/05/20230328_083-scaled.webp, https://warsawduragstore.pl/wp-content/uploads/2023/05/20230328_099-scaled.webp, https://warsawduragstore.pl/wp-content/uploads/2024/07/purple3-scaled.jpg, https://warsawduragstore.pl/wp-content/uploads/2024/07/purple4-scaled.jpg, https://warsawduragstore.pl/wp-content/uploads/2024/07/fiolet1-scaled.jpg",,,,,,,,,10,,,,,,
1376,simple,,,"Durag Gdańsk",1,0,visible,"Niebieski welurowy Durag Gdańsk w kolorze morza","<p data-start=""176"" data-end=""230""><em><strong data-start=""176"" data-end=""228"">Niebieski welurowy Durag Gdańsk – 100% poliester</strong></em></p>\n<p data-start=""232"" data-end=""583""><em>Elegancki niebieski durag wykonany z wysokiej jakości weluru, który zapewnia charakterystyczny połysk i trwałość. Doskonale sprawdzi się zarówno w codziennych, casualowych stylizacjach, jak i przy bardziej wyjściowych okazjach. Wytrzymały materiał trwale utrzymuje fryzurę, a elastyczna konstrukcja dopasowuje się do głów osób powyżej 14 roku życia.</em></p>\n<p data-start=""585"" data-end=""680""><em><strong data-start=""585"" data-end=""595"">Seria:</strong> Casual – idealny do noszenia na miasto, imprezę lub podczas aktywności sportowych.</em></p>\n<p data-start=""682"" data-end=""756""><em><strong data-start=""682"" data-end=""694"">Rozmiar:</strong> Uniwersalny, dopasowany do głów osób powyżej 14 roku życia.</em></p>\n<p data-start=""758"" data-end=""788""><em><strong data-start=""758"" data-end=""786"">Zalecenia pielęgnacyjne:</strong></em></p>\n\n<ul data-start=""789"" data-end=""911"">\n 	<li data-start=""789"" data-end=""846"">\n<p data-start=""791"" data-end=""846""><em>Prać ręcznie w zimnej wodzie, małą ilością detergentu</em></p>\n</li>\n 	<li data-start=""847"" data-end=""877"">\n<p data-start=""849"" data-end=""877""><em>Unikać długiego namaczania</em></p>\n</li>\n 	<li data-start=""878"" data-end=""911"">\n<p data-start=""880"" data-end=""911""><em>Suszyć wyłącznie na powietrzu</em></p>\n</li>\n</ul>\n<p data-start=""913"" data-end=""940""><em><strong data-start=""913"" data-end=""923"">Skład:</strong> 100% poliester</em></p>\n<p data-start=""942"" data-end=""969""><em><strong data-start=""942"" data-end=""967"">Dodatkowe informacje:</strong></em></p>\n\n<ul data-start=""970"" data-end=""1010"">\n 	<li data-start=""970"" data-end=""989"">\n<p data-start=""972"" data-end=""989""><em>Darmowa dostawa</em></p>\n</li>\n 	<li data-start=""990"" data-end=""1010"">\n<p data-start=""992"" data-end=""1010""><em>Możliwość zwrotu</em></p>\n</li>\n</ul>\n<p data-start=""1012"" data-end=""1411""><em><strong data-start=""1012"" data-end=""1034"">Dlaczego „Gdańsk”:</strong> nazwa nawiązuje do nadmorskiego charakteru i historycznej tożsamości portowego miasta. Niebieski kolor duraga symbolizuje spokój, świeżość i wolność kojarzoną z morzem, a jednocześnie elegancję i uniwersalność stylu. Durag „Gdańsk” łączy w sobie wyjątkowy kolor, gładkość weluru i trwałość – idealny dla osób ceniących styl, komfort i subtelny akcent nadmorskiej inspiracji.</em></p>",,,taxable,,1,2,,0,0,,,,,0,,,79,"Casual, Velvets","durag, velours, velvet",,"https://warsawduragstore.pl/wp-content/uploads/2025/08/7.png, https://warsawduragstore.pl/wp-content/uploads/2022/05/bluevelvet6-scaled.jpg, https://warsawduragstore.pl/wp-content/uploads/2023/05/20230328-331-scaled.webp, https://warsawduragstore.pl/wp-content/uploads/2023/05/20230328_154-scaled.webp, https://warsawduragstore.pl/wp-content/uploads/2024/07/bluevelvet3-scaled.jpg, https://warsawduragstore.pl/wp-content/uploads/2024/07/bluevelvet4-scaled.jpg, https://warsawduragstore.pl/wp-content/uploads/2024/07/niebieskivelvet1-scaled.jpg",,,,,,,,,9,,,,,,
1377,simple,,,"Durag Włocławek",1,0,visible,"Czerwony welurowy Durag Włocławek, dla tych niebojących się wyrazistości","<div class=""flex flex-grow flex-col gap-3"">\n<div class=""min-h-[20px] flex flex-col items-start gap-4 whitespace-pre-wrap"">\n<div class=""markdown prose w-full break-words dark:prose-invert light"">\n<p data-start=""220"" data-end=""276""><em><strong data-start=""220"" data-end=""274"">Czerwony welurowy Durag Włocławek </strong></em></p>\n<p data-start=""278"" data-end=""628""><em>Wyrazisty czerwony durag wykonany z wysokiej jakości weluru, który zapewnia charakterystyczny połysk i trwałość. Doskonale sprawdzi się zarówno w codziennych, casualowych stylizacjach, jak i przy bardziej wyjściowych okazjach. Wytrzymały materiał trwale utrzymuje fryzurę, a elastyczna konstrukcja dopasowuje się do głów osób powyżej 14 roku życia.</em></p>\n<p data-start=""630"" data-end=""725""><em><strong data-start=""630"" data-end=""640"">Seria:</strong> Casual – idealny do noszenia na miasto, imprezę lub podczas aktywności sportowych.</em></p>\n<p data-start=""727"" data-end=""801""><em><strong data-start=""727"" data-end=""739"">Rozmiar:</strong> Uniwersalny, dopasowany do głów osób powyżej 14 roku życia.</em></p>\n<p data-start=""803"" data-end=""833""><em><strong data-start=""803"" data-end=""831"">Zalecenia pielęgnacyjne:</strong></em></p>\n\n<ul data-start=""834"" data-end=""956"">\n 	<li data-start=""834"" data-end=""891"">\n<p data-start=""836"" data-end=""891""><em>Prać ręcznie w zimnej wodzie, małą ilością detergentu</em></p>\n</li>\n 	<li data-start=""892"" data-end=""922"">\n<p data-start=""894"" data-end=""922""><em>Unikać długiego namaczania</em></p>\n</li>\n 	<li data-start=""923"" data-end=""956"">\n<p data-start=""925"" data-end=""956""><em>Suszyć wyłącznie na powietrzu</em></p>\n</li>\n</ul>\n<p data-start=""958"" data-end=""985""><em><strong data-start=""958"" data-end=""968"">Skład:</strong> 100% poliester</em></p>\n<p data-start=""987"" data-end=""1014""><em><strong data-start=""987"" data-end=""1012"">Dodatkowe informacje:</strong></em></p>\n\n<ul data-start=""1015"" data-end=""1055"">\n 	<li data-start=""1015"" data-end=""1034"">\n<p data-start=""1017"" data-end=""1034""><em>Darmowa dostawa</em></p>\n</li>\n 	<li data-start=""1035"" data-end=""1055"">\n<p data-start=""1037"" data-end=""1055""><em>Możliwość zwrotu</em></p>\n</li>\n</ul>\n<p data-start=""1057"" data-end=""1400""><em><strong data-start=""1057"" data-end=""1082"">Dlaczego „Włocławek”:</strong> nazwa nawiązuje do intensywnej czerwieni słynnego keczupu Włocławek – podobnie jak jego wyjątkowy kolor, durag przyciąga uwagę, dodaje energii i charakteru każdej stylizacji. To połączenie klasycznego weluru z wyrazistym kolorem, idealne dla osób ceniących styl, pewność siebie i odrobinę zabawy w codziennym looku.</em></p>\n\n</div>\n</div>\n</div>",,,taxable,,1,2,,0,0,,,,,0,,,79,"Casual, Velvets","durag, velours, velvet",,"https://warsawduragstore.pl/wp-content/uploads/2022/05/4.png, https://warsawduragstore.pl/wp-content/uploads/2022/05/wyszol0861-scaled.jpg, https://warsawduragstore.pl/wp-content/uploads/2022/05/wyszol0893-scaled.jpg, https://warsawduragstore.pl/wp-content/uploads/2022/05/wyszol0898-scaled.jpg, https://warsawduragstore.pl/wp-content/uploads/2022/05/wyszol0903-scaled.webp, https://warsawduragstore.pl/wp-content/uploads/2024/05/IMG_0360-scaled-e1744047670246.jpg",,,,,,,,,5,,,,,,
2312,simple,,,"Durag Zielona Góra",1,0,hidden,"Jeden z ciekawszych kolorów w naszej ofercie. Zielony szmaragd to zdecydowanie kolor możliwy dla każdego odważnego trendsetera albo odważnej trendseterki. Świetnie spasuje się z czarnymi i szarawymi stylizacjami. Nigdy nie odmawiaj sobie też okularów przeciwsłonecznych, które tak jak sam durag ochronią cie przed promieniami przy okazji komponując się z bandaną na głowie. Śmiało testowałbym do niego białe i jasne ciuchy, ale bez przesady zachowaj w tym wszystkich smak.. Elastyczne i lekkie silky jest wytrzymałe i przewiewne dzięki czemu chłodzi czape, nie to co full cap. Wymiary jak zawsze podajemy na fotce.\n\nW rzeczywistości kolor produktu może delikatnie odbiegać od tego widocznego na zdjęciu, ze względu na połyskujący charakter produktu trudny do uchwycenia na zdjęciu.",,,,taxable,,1,4,,0,0,,,,,0,,,59,"Casual, Silky",,,"https://warsawduragstore.pl/wp-content/uploads/2023/04/wyszol0528-scaled.jpg, https://warsawduragstore.pl/wp-content/uploads/2023/04/wyszol0499-scaled.jpg, https://warsawduragstore.pl/wp-content/uploads/2023/04/wyszol0516-scaled.jpg, https://warsawduragstore.pl/wp-content/uploads/2023/04/wyszol0500-scaled.jpg, https://warsawduragstore.pl/wp-content/uploads/2023/04/wyszol0756-scaled.jpg",,,,,,,,,27,,,,,,
2313,simple,,,"Durag Sosnowiec",1,0,visible,"Velvet Emerald Green to ciemniejszy od swojego braciszka wersja wykonana z welurki. Ciemny błyszczący prążkowany materiał na pewno dobrze skomponujesz z większością twoich outfitów w szafie, skoro szwędasz się po tak dobrych stronkach jak ta. Luźne spodnie oversize'owa bluza i jesteś gotowy na naszego velvet Emeralda, który zboostuje twój appearnce to granic Boga drilu. Wymiary dla bezpieczeństwa publikujemy na zdjęciu.","<p data-start=""194"" data-end=""256""><em><strong data-start=""194"" data-end=""254"">Welwetowy Durag Sosnowiec – głębia zieleni i siła natury</strong></em></p>\n<p data-start=""258"" data-end=""555""><em>Durag uszyty z miękkiego, szlachetnego welwetu w głębokiej zieleni – elegancki, a zarazem pełen charakteru. Materiał jest przyjemny w dotyku, aksamitnie gładki i daje efekt delikatnego połysku w świetle. Zapewnia wygodę noszenia i mocne trzymanie fal, a jednocześnie wnosi do stylu nutę luksusu.</em></p>\n<p data-start=""557"" data-end=""645""><em><strong data-start=""557"" data-end=""567"">Seria:</strong> Casual – dla tych, którzy stawiają na miękkość i elegancką fakturę.</em></p>\n<p data-start=""647"" data-end=""703""><em><strong data-start=""647"" data-end=""659"">Rozmiar:</strong> Uniwersalny, odpowiedni od 14 roku życia.</em></p>\n<p data-start=""705"" data-end=""735""><em><strong data-start=""705"" data-end=""733"">Zalecenia pielęgnacyjne:</strong></em></p>\n\n<ul data-start=""736"" data-end=""839"">\n 	<li data-start=""736"" data-end=""775"">\n<p data-start=""738"" data-end=""775""><em>Prać ręcznie lub w delikatnym cyklu</em></p>\n</li>\n 	<li data-start=""776"" data-end=""804"">\n<p data-start=""778"" data-end=""804""><em>Unikać silnego wyżymania</em></p>\n</li>\n 	<li data-start=""805"" data-end=""839"">\n<p data-start=""807"" data-end=""839""><em>Suszyć na płasko, nie prasować</em></p>\n</li>\n</ul>\n<p data-start=""841"" data-end=""894""><em><strong data-start=""841"" data-end=""851"">Skład:</strong> 100% wysokogatunkowy poliester welurowy</em></p>\n<p data-start=""896"" data-end=""1140""><em><strong data-start=""896"" data-end=""921"">Dlaczego „Sosnowiec”:</strong> nazwa tego modelu to gra znaczeń – intensywna zieleń welwetu przywodzi na myśl igliwie sosny, a jednocześnie nawiązuje do miasta Sosnowiec. To hołd dla natury wpisanej w nazwę, ale w miejskim, streetwearowym wydaniu.</em></p>\n<p data-start=""1147"" data-end=""1309""></p>",,,taxable,,1,2,,0,0,,,,,0,,,79,"Casual, Velvets",,,"https://warsawduragstore.pl/wp-content/uploads/2023/04/Projekt-bez-nazwy-8.png, https://warsawduragstore.pl/wp-content/uploads/2023/04/wyszol0438-scaled.jpg, https://warsawduragstore.pl/wp-content/uploads/2023/05/20230328-343-scaled-e1744046878734.webp, https://warsawduragstore.pl/wp-content/uploads/2023/05/20230328-345-scaled.webp, https://warsawduragstore.pl/wp-content/uploads/2023/05/20230328-410-scaled.webp, https://warsawduragstore.pl/wp-content/uploads/2023/05/20230328-416-1-scaled.webp",,,,,,,,,16,,,,,,
2316,simple,,,"Durag Kielce",1,0,visible,"Wersja silky jednego z waszych ulubionych kolorów. Bardzo słusznie bordowa czerwień świetnie może wyróżnić cię z tłumu nudnie zgarbionych identycznych postaci, zaznaczając twoją modową dominację. Wersja silky jest cieńsza i bardziej elastyczna, pozwala oddychać głowie do której jest ściślej dopasowany. Możesz w nim spać, pić i latać zupełnie jak po dobrym temacie. Wymiary to klasyczny silky durag z naszego asortymentu.\n\nW rzeczywistości kolor produktu może delikatnie odbiegać od tego widocznego na zdjęciu, ze względu na połyskujący charakter produktu trudny do uchwycenia na zdjęciu.",,,,taxable,,1,1,,0,0,,,,,0,,,79,"Casual, Silky",,,"https://warsawduragstore.pl/wp-content/uploads/2025/08/12.png, https://warsawduragstore.pl/wp-content/uploads/2023/04/wyszol0880-scaled.jpg, https://warsawduragstore.pl/wp-content/uploads/2023/04/wyszol0870-scaled.jpg, https://warsawduragstore.pl/wp-content/uploads/2023/04/wyszol0666-scaled.jpg, https://warsawduragstore.pl/wp-content/uploads/2023/04/wyszol0650-scaled.jpg, https://warsawduragstore.pl/wp-content/uploads/2023/04/wyszol0576-scaled.jpg, https://warsawduragstore.pl/wp-content/uploads/2023/04/wyszol0570-scaled.jpg",,,,,,,,,19,,,,,,
2693,simple,,,"Durag Katowice",1,0,visible,"Jeden z ciekawszych kolorów w naszej ofercie. Fioletowy ametyst to zdecydowanie kolor możliwy dla każdego odważnego trendsetera albo odważnej trendseterki. Świetnie spasuje się z czarnymi i szarawymi stylizacjami. Nigdy nie odmawiaj sobie też okularów przeciwsłonecznych, które tak jak sam durag ochronią cie przed promieniami przy okazji komponując się z bandaną na głowie. Śmiało testowałbym do niego białe i jasne ciuchy, ale bez przesady zachowaj w tym wszystkich smak.. Elastyczne i lekkie silky jest wytrzymałe i przewiewne dzięki czemu chłodzi czape, nie to co full cap. Wymiary jak zawsze podajemy na fotce.\n\nW rzeczywistości kolor produktu może delikatnie odbiegać od tego widocznego na zdjęciu, ze względu na połyskujący charakter produktu trudny do uchwycenia na zdjęciu.",,,,taxable,,0,0,,0,0,,,,,0,,,79,"Casual, Silky",,,"https://warsawduragstore.pl/wp-content/uploads/2025/08/10.png, https://warsawduragstore.pl/wp-content/uploads/2023/08/wyszol0392-scaled.jpg, https://warsawduragstore.pl/wp-content/uploads/2023/08/wyszol0402-scaled.jpg, https://warsawduragstore.pl/wp-content/uploads/2023/08/wyszol0931-scaled.jpg, https://warsawduragstore.pl/wp-content/uploads/2023/08/wyszol0946-scaled.jpg",,,,,,,,,17,,,,,,
2699,simple,,,"Durag Zabrze",1,0,hidden,"Srebrny satynowy Durag Zabrze","<p data-start=""183"" data-end=""235""><em><strong data-start=""183"" data-end=""233"">Srebrny satynowy Durag Zabrze </strong></em></p>\n<p data-start=""237"" data-end=""573""><em>Elegancki srebrny durag wykonany z wysokiej jakości satynowego materiału, lekki, gładki i przyjemny w dotyku. Doskonale sprawdzi się zarówno w codziennych, casualowych stylizacjach, jak i przy bardziej wyjściowych okazjach. Elastyczna konstrukcja dopasowuje się do głów osób powyżej 14 roku życia, a materiał trwałe utrzymuje fryzurę.</em></p>\n<p data-start=""575"" data-end=""670""><em><strong data-start=""575"" data-end=""585"">Seria:</strong> Casual – idealny do noszenia na miasto, imprezę lub podczas aktywności sportowych.</em></p>\n<p data-start=""672"" data-end=""746""><em><strong data-start=""672"" data-end=""684"">Rozmiar:</strong> Uniwersalny, dopasowany do głów osób powyżej 14 roku życia.</em></p>\n<p data-start=""748"" data-end=""778""><em><strong data-start=""748"" data-end=""776"">Zalecenia pielęgnacyjne:</strong></em></p>\n\n<ul data-start=""779"" data-end=""901"">\n 	<li data-start=""779"" data-end=""836"">\n<p data-start=""781"" data-end=""836""><em>Prać ręcznie w zimnej wodzie, małą ilością detergentu</em></p>\n</li>\n 	<li data-start=""837"" data-end=""867"">\n<p data-start=""839"" data-end=""867""><em>Unikać długiego namaczania</em></p>\n</li>\n 	<li data-start=""868"" data-end=""901"">\n<p data-start=""870"" data-end=""901""><em>Suszyć wyłącznie na powietrzu</em></p>\n</li>\n</ul>\n<p data-start=""903"" data-end=""930""><em><strong data-start=""903"" data-end=""913"">Skład:</strong> 100% poliester</em></p>\n<p data-start=""932"" data-end=""959""><em><strong data-start=""932"" data-end=""957"">Dodatkowe informacje:</strong></em></p>\n\n<ul data-start=""960"" data-end=""1000"">\n 	<li data-start=""960"" data-end=""979"">\n<p data-start=""962"" data-end=""979""><em>Darmowa dostawa</em></p>\n</li>\n 	<li data-start=""980"" data-end=""1000"">\n<p data-start=""982"" data-end=""1000""><em>Możliwość zwrotu</em></p>\n</li>\n</ul>\n<p data-start=""1002"" data-end=""1401""><em><strong data-start=""1002"" data-end=""1024"">Dlaczego „Zabrze”:</strong> nazwa odwołuje się do <strong data-start=""1047"" data-end=""1076"">górniczej tradycji Zabrza</strong>, miasta z sercem Śląska. Srebrny kolor duraga symbolizuje blask węgla i metaliczny połysk przemysłowych maszyn, a jednocześnie elegancję i uniwersalność satyny. Durag „Zabrze” łączy w sobie trwałość, gładkość materiału i subtelny akcent regionalny – idealny dla osób ceniących styl, charakter i odrobinę lokalnej historii.</em></p>",,,taxable,,1,1,,0,0,,,,,0,,,59,"Casual, Silky",,,"https://warsawduragstore.pl/wp-content/uploads/2024/05/Canon-EOS-6D-Mark-II15-scaled.jpg, https://warsawduragstore.pl/wp-content/uploads/2023/08/wyszol0785-scaled.jpg, https://warsawduragstore.pl/wp-content/uploads/2023/08/wyszol0795-scaled.jpg, https://warsawduragstore.pl/wp-content/uploads/2023/08/wyszol0768-scaled.jpg",,,,,,,,,8,,,,,,
2701,simple,,,"Durag Tychy",1,0,visible,"Gładki satynowy Durag Tychy w kolorze granatowym","<p data-start=""116"" data-end=""169""><em><strong data-start=""116"" data-end=""167"">Granatowy satynowy Durag Tychy </strong></em></p>\n<p data-start=""171"" data-end=""534""><em>Elegancki granatowy durag wykonany z wysokiej jakości satynowego materiału – lekki, gładki i przyjemny w dotyku. Doskonale sprawdzi się zarówno w codziennych, casualowych stylizacjach, jak i przy bardziej wyjściowych okazjach. Elastyczna konstrukcja dopasowuje się do głów osób powyżej 14 roku życia, a trwały materiał pozwala na długotrwałe utrzymanie fryzury.</em></p>\n<p data-start=""536"" data-end=""631""><em><strong data-start=""536"" data-end=""546"">Seria:</strong> Casual – idealny do noszenia na miasto, imprezę lub podczas aktywności sportowych.</em></p>\n<p data-start=""633"" data-end=""707""><em><strong data-start=""633"" data-end=""645"">Rozmiar:</strong> Uniwersalny, dopasowany do głów osób powyżej 14 roku życia.</em></p>\n<p data-start=""709"" data-end=""739""><em><strong data-start=""709"" data-end=""737"">Zalecenia pielęgnacyjne:</strong></em></p>\n\n<ul data-start=""740"" data-end=""862"">\n 	<li data-start=""740"" data-end=""797"">\n<p data-start=""742"" data-end=""797""><em>Prać ręcznie w zimnej wodzie, małą ilością detergentu</em></p>\n</li>\n 	<li data-start=""798"" data-end=""828"">\n<p data-start=""800"" data-end=""828""><em>Unikać długiego namaczania</em></p>\n</li>\n 	<li data-start=""829"" data-end=""862"">\n<p data-start=""831"" data-end=""862""><em>Suszyć wyłącznie na powietrzu</em></p>\n</li>\n</ul>\n<p data-start=""864"" data-end=""891""><em><strong data-start=""864"" data-end=""874"">Skład:</strong> 100% poliester</em></p>\n<p data-start=""893"" data-end=""920""><em><strong data-start=""893"" data-end=""918"">Dodatkowe informacje:</strong></em></p>\n\n<ul data-start=""921"" data-end=""961"">\n 	<li data-start=""921"" data-end=""940"">\n<p data-start=""923"" data-end=""940""><em>Darmowa dostawa</em></p>\n</li>\n 	<li data-start=""941"" data-end=""961"">\n<p data-start=""943"" data-end=""961""><em>Możliwość zwrotu</em></p>\n</li>\n</ul>\n<p data-start=""963"" data-end=""1348""><em><strong data-start=""963"" data-end=""984"">Dlaczego „Tychy”:</strong> nazwa nawiązuje do przemysłowego i nowoczesnego charakteru miasta Tychy, które łączy w sobie tradycję z dynamicznym rozwojem. Granatowy kolor duraga symbolizuje elegancję, stabilność i uniwersalność, idealnie komponując się z codziennym stylem. Durag „Tychy” łączy komfort, trwałość satyny i subtelny regionalny akcent – dla osób ceniących styl, klasę i wygodę.</em></p>",,,taxable,,1,2,,0,0,,,,,0,,,79,Silky,,,"https://warsawduragstore.pl/wp-content/uploads/2023/08/granat9-e1759681148251.webp, https://warsawduragstore.pl/wp-content/uploads/2024/07/navy2-scaled.jpg, https://warsawduragstore.pl/wp-content/uploads/2024/07/navy3-scaled.jpg, https://warsawduragstore.pl/wp-content/uploads/2024/07/navy4-scaled.jpg, https://warsawduragstore.pl/wp-content/uploads/2024/07/NAVY1-1-scaled.jpg, https://warsawduragstore.pl/wp-content/uploads/2024/07/NAVY3-1-scaled.jpg",,,,,,,,,13,,,,,,
4772,simple,,,"Durag Chałupy",1,0,visible,"Jasno niebieskie wydanie naszego klasycznego kroju.",,,,taxable,,1,2,,0,0,,,,,0,,,79,"Casual, Silky",,,"https://warsawduragstore.pl/wp-content/uploads/2025/08/13.png, https://warsawduragstore.pl/wp-content/uploads/2023/09/wyszol0913-scaled.jpg, https://warsawduragstore.pl/wp-content/uploads/2023/09/wyszol0445-scaled.jpg, https://warsawduragstore.pl/wp-content/uploads/2023/09/wyszol0424-scaled.jpg, https://warsawduragstore.pl/wp-content/uploads/2023/09/wyszol0910-scaled.jpg",,,,,,,,,18,,,,,,
4774,simple,,,"Durag Legionowo",1,0,visible,"Klasyczny krój duraga z ciemnym nadrukiem typu moro. Świetnie sprawdzi się w nieco agresywniejszej stylizacji.",,,,taxable,,1,2,,0,0,,,,,0,,,79,"Casual, Silky",,,"https://warsawduragstore.pl/wp-content/uploads/2025/08/15.png, https://warsawduragstore.pl/wp-content/uploads/2023/09/wyszol0750-scaled.jpg, https://warsawduragstore.pl/wp-content/uploads/2023/09/wyszol0739-scaled.jpg",,,,,,,,,21,,,,,,
4776,simple,,,"Durag Elbląg",1,0,visible,"Satynowy Durag Elbląg w morską siatkę camo","<p data-start=""227"" data-end=""288""><em><strong data-start=""227"" data-end=""286"">Satynowy Durag Elbląg – miejskie camo w odcieniach wody</strong></em></p>\n<p data-start=""290"" data-end=""624""><em>Dynamiczny i odważny durag w niebieskim camo, uszyty z gładkiej satyny o lekkim połysku. Materiał jest śliski, przyjemny w dotyku i zapewnia idealne ułożenie fal, a zarazem wyróżnia się niebanalnym wzorem. Ten model łączy uliczny charakter z subtelną grą kolorów inspirowanych wodą – od głębokiego granatu po jasne odcienie błękitu.</em></p>\n<p data-start=""626"" data-end=""718""><em><strong data-start=""626"" data-end=""636"">Seria:</strong> Casual – dla tych, którzy lubią się wyróżniać i szukają w modzie świeżości.</em></p>\n<p data-start=""720"" data-end=""776""><em><strong data-start=""720"" data-end=""732"">Rozmiar:</strong> Uniwersalny, odpowiedni od 14 roku życia.</em></p>\n<p data-start=""778"" data-end=""808""><em><strong data-start=""778"" data-end=""806"">Zalecenia pielęgnacyjne:</strong></em></p>\n\n<ul data-start=""809"" data-end=""889"">\n 	<li data-start=""809"" data-end=""851"">\n<p data-start=""811"" data-end=""851""><em>Prać w chłodnej wodzie, delikatny cykl</em></p>\n</li>\n 	<li data-start=""852"" data-end=""868"">\n<p data-start=""854"" data-end=""868""><em>Nie wybielać</em></p>\n</li>\n 	<li data-start=""869"" data-end=""889"">\n<p data-start=""871"" data-end=""889""><em>Suszyć na płasko</em></p>\n</li>\n</ul>\n<p data-start=""891"" data-end=""962""><em><strong data-start=""891"" data-end=""901"">Skład:</strong> 100% satyna poliestrowa (wysoka jakość, łatwa pielęgnacja)</em></p>\n<p data-start=""964"" data-end=""991""><em><strong data-start=""964"" data-end=""989"">Dodatkowe informacje:</strong></em></p>\n\n<ul data-start=""992"" data-end=""1032"">\n 	<li data-start=""992"" data-end=""1011"">\n<p data-start=""994"" data-end=""1011""><em>Darmowa dostawa</em></p>\n</li>\n 	<li data-start=""1012"" data-end=""1032"">\n<p data-start=""1014"" data-end=""1032""><em>Możliwość zwrotu</em></p>\n</li>\n</ul>\n<p data-start=""1034"" data-end=""1292""><em><strong data-start=""1034"" data-end=""1056"">Dlaczego „Elbląg”:</strong> nazwa odwołuje się do portowego ducha miasta, które od wieków związane jest z wodą – rzeką Elbląg, Zalewem Wiślanym i szlakami żeglugowymi. Niebieskie camo to metafora ruchu fal i miejskiej energii, które spotykają się właśnie tutaj,</em></p>",,,taxable,,1,2,,0,0,,,,,0,,,79,"Casual, Silky",,,"https://warsawduragstore.pl/wp-content/uploads/2025/08/21.png, https://warsawduragstore.pl/wp-content/uploads/2023/09/wyszol0713-scaled.jpg, https://warsawduragstore.pl/wp-content/uploads/2023/09/wyszol0698-scaled.jpg, https://warsawduragstore.pl/wp-content/uploads/2023/09/wyszol0719-scaled.jpg, https://warsawduragstore.pl/wp-content/uploads/2023/09/wyszol0739-scaled.jpg",,,,,,,,,14,,,,,,
4778,simple,,,"Durag Rzeszów",1,0,hidden,"Nietypowy vintage wzorek naniesiony na nasze klasyczne duragi.",,,,taxable,,1,2,,0,0,,,,,0,,,79,"Casual, Silky",,,"https://warsawduragstore.pl/wp-content/uploads/2025/08/16.png, https://warsawduragstore.pl/wp-content/uploads/2023/09/wyszol0593-scaled.jpg, https://warsawduragstore.pl/wp-content/uploads/2023/09/wyszol0643-scaled.jpg, https://warsawduragstore.pl/wp-content/uploads/2023/09/wyszol0631-scaled.jpg, https://warsawduragstore.pl/wp-content/uploads/2023/09/wyszol0623-scaled.jpg, https://warsawduragstore.pl/wp-content/uploads/2023/09/wyszol0618-scaled.jpg, https://warsawduragstore.pl/wp-content/uploads/2023/09/wyszol0600-scaled.jpg",,,,,,,,,23,,,,,,
4780,simple,,,"Durag Radom",1,0,visible,"<em>Granatowy welurowy Durag Radom</em>","<p data-start=""118"" data-end=""171""><em><strong data-start=""118"" data-end=""169"">Granatowy welurowy Durag Radom </strong></em></p>\n<p data-start=""173"" data-end=""535""><em>Stylowy granatowy durag wykonany z wysokiej jakości weluru, który zapewnia charakterystyczny połysk i trwałość. Doskonale sprawdzi się zarówno w codziennych, casualowych stylizacjach, jak i przy bardziej wyjściowych okazjach. Trwały materiał pozwala na długotrwałe utrzymanie fryzury, a elastyczna konstrukcja dopasowuje się do głów osób powyżej 14 roku życia.</em></p>\n<p data-start=""537"" data-end=""632""><em><strong data-start=""537"" data-end=""547"">Seria:</strong> Casual – idealny do noszenia na miasto, imprezę lub podczas aktywności sportowych.</em></p>\n<p data-start=""634"" data-end=""708""><em><strong data-start=""634"" data-end=""646"">Rozmiar:</strong> Uniwersalny, dopasowany do głów osób powyżej 14 roku życia.</em></p>\n<p data-start=""710"" data-end=""740""><em><strong data-start=""710"" data-end=""738"">Zalecenia pielęgnacyjne:</strong></em></p>\n\n<ul data-start=""741"" data-end=""863"">\n 	<li data-start=""741"" data-end=""798"">\n<p data-start=""743"" data-end=""798""><em>Prać ręcznie w zimnej wodzie, małą ilością detergentu</em></p>\n</li>\n 	<li data-start=""799"" data-end=""829"">\n<p data-start=""801"" data-end=""829""><em>Unikać długiego namaczania</em></p>\n</li>\n 	<li data-start=""830"" data-end=""863"">\n<p data-start=""832"" data-end=""863""><em>Suszyć wyłącznie na powietrzu</em></p>\n</li>\n</ul>\n<p data-start=""865"" data-end=""892""><em><strong data-start=""865"" data-end=""875"">Skład:</strong> 100% poliester</em></p>\n<p data-start=""894"" data-end=""921""><em><strong data-start=""894"" data-end=""919"">Dodatkowe informacje:</strong></em></p>\n\n<ul data-start=""922"" data-end=""962"">\n 	<li data-start=""922"" data-end=""941"">\n<p data-start=""924"" data-end=""941""><em>Darmowa dostawa</em></p>\n</li>\n 	<li data-start=""942"" data-end=""962"">\n<p data-start=""944"" data-end=""962""><em>Możliwość zwrotu</em></p>\n</li>\n</ul>\n<p data-start=""964"" data-end=""1338""><em><strong data-start=""964"" data-end=""985"">Dlaczego „Radom”:</strong> nazwa nawiązuje do serca Mazowsza i miejskiego charakteru Radomia. Granatowy kolor duraga symbolizuje spokój, stabilność i elegancję, a jednocześnie dodaje głębi codziennym i wyjściowym stylizacjom. Durag „Radom” łączy trwałość, gładkość weluru i uniwersalny styl – idealny dla osób ceniących komfort i klasyczny wygląd z nutą regionalnej inspiracji.</em></p>",,,taxable,,1,3,,0,0,,,,,0,,,79,"Casual, Velvets",,,"https://warsawduragstore.pl/wp-content/uploads/2025/08/11.png, https://warsawduragstore.pl/wp-content/uploads/2024/07/navyvelvet3-scaled.jpg, https://warsawduragstore.pl/wp-content/uploads/2024/07/navyvelvet1-scaled.jpg, https://warsawduragstore.pl/wp-content/uploads/2024/07/navyvelvet4-scaled.jpg, https://warsawduragstore.pl/wp-content/uploads/2024/07/NAVYVELVET1-1-scaled.jpg, https://warsawduragstore.pl/wp-content/uploads/2024/07/NAVYVELVET3-1-scaled.jpg",,,,,,,,,12,,,,,,
4934,simple,,,"Durag Bielsko-Biała",1,0,visible,"<em>Biały welurowy Durag Bielsko-Biała</em>","<p data-start=""165"" data-end=""222""><em><strong data-start=""165"" data-end=""220"">Biały welurowy Durag Bielsko-Biała – 100% poliester</strong></em></p>\n<p data-start=""224"" data-end=""583""><em>Elegancki biały durag wykonany z wysokiej jakości weluru, który zapewnia charakterystyczny połysk i trwałość. Doskonale sprawdzi się zarówno w codziennych, casualowych stylizacjach, jak i przy bardziej wyjściowych okazjach. Dzięki wytrzymałemu materiałowi trwale utrzymuje fryzurę, a elastyczna konstrukcja dopasowuje się do głów osób powyżej 14 roku życia.</em></p>\n<p data-start=""585"" data-end=""680""><em><strong data-start=""585"" data-end=""595"">Seria:</strong> Casual – idealny do noszenia na miasto, imprezę lub podczas aktywności sportowych.</em></p>\n<p data-start=""682"" data-end=""756""><em><strong data-start=""682"" data-end=""694"">Rozmiar:</strong> Uniwersalny, dopasowany do głów osób powyżej 14 roku życia.</em></p>\n<p data-start=""758"" data-end=""788""><em><strong data-start=""758"" data-end=""786"">Zalecenia pielęgnacyjne:</strong></em></p>\n\n<ul data-start=""789"" data-end=""911"">\n 	<li data-start=""789"" data-end=""846"">\n<p data-start=""791"" data-end=""846""><em>Prać ręcznie w zimnej wodzie, małą ilością detergentu</em></p>\n</li>\n 	<li data-start=""847"" data-end=""877"">\n<p data-start=""849"" data-end=""877""><em>Unikać długiego namaczania</em></p>\n</li>\n 	<li data-start=""878"" data-end=""911"">\n<p data-start=""880"" data-end=""911""><em>Suszyć wyłącznie na powietrzu</em></p>\n</li>\n</ul>\n<p data-start=""913"" data-end=""940""><em><strong data-start=""913"" data-end=""923"">Skład:</strong> 100% poliester</em></p>\n<p data-start=""942"" data-end=""969""><em><strong data-start=""942"" data-end=""967"">Dodatkowe informacje:</strong></em></p>\n\n<ul data-start=""970"" data-end=""1010"">\n 	<li data-start=""970"" data-end=""989"">\n<p data-start=""972"" data-end=""989""><em>Darmowa dostawa</em></p>\n</li>\n 	<li data-start=""990"" data-end=""1010"">\n<p data-start=""992"" data-end=""1010""><em>Możliwość zwrotu</em></p>\n</li>\n</ul>\n<p data-start=""1012"" data-end=""1383""><em><strong data-start=""1012"" data-end=""1041"">Dlaczego „Bielsko-Biała”:</strong> nazwa nawiązuje do harmonii i świeżości, które kojarzymy z tym dynamicznym, tętniącym życiem miastem. Biały durag „Bielsko-Biała” odzwierciedla lekkość, klasyczną elegancję i uniwersalny styl, łącząc komfort noszenia z wyjątkowym połyskiem weluru – idealny dla osób ceniących styl i pewność siebie w codziennych i wyjściowych stylizacjach.</em></p>",,,taxable,,1,4,,0,0,,,,,0,,,79,"Casual, Classic Ones","durag, velours, velvet",,"https://warsawduragstore.pl/wp-content/uploads/2023/11/19.png, https://warsawduragstore.pl/wp-content/uploads/2024/05/Canon-EOS-6D-Mark-II172-scaled.jpg, https://warsawduragstore.pl/wp-content/uploads/2023/11/wyszol1136-1-scaled.webp",,,,,,,,,7,,,,,,
4943,simple,,,"Barbie Durag",1,0,visible,"Jasnoróżowy satynowy durag wykonany z lodowego jedwabiu w różowym kolorze.\n\nRozmiar uniwersalny na głowę dorosłego oraz nastolatka.","<blockquote>\n<div class=""flex-col gap-1 md:gap-3"">\n<div class=""flex flex-grow flex-col max-w-full gap-3 gizmo:gap-0"">\n<div class=""min-h-[20px] text-message peer flex flex-col items-start gap-3 whitespace-pre-wrap break-words peer-[.text-message]:mt-5 overflow-x-auto"" data-message-author-role=""assistant"" data-message-id=""b6548c4e-367c-4f1c-a6e1-60e1afc00a43"">\n<div class=""markdown prose w-full break-words dark:prose-invert light"">\n\nJasnoróżowy satynowy durag wykonany z elastycznego lodowego jedwabiu.\n\nZalecenia:\n– prać krótko z małą ilością detergentów w zimnej wodzie, unikać namaczania\n– suszyć tylko na powietrzu\n\nZawsze darmowa dostawa i możliwy zwrot\n\nSkład:\n– 100% poliester\n\n</div>\n</div>\n</div>\n</div></blockquote>\n<h6></h6>",,,taxable,,0,0,,0,0,,,,,0,,,79,"Casual, Silky","durag, silky, silky durag",,"https://warsawduragstore.pl/wp-content/uploads/2025/08/8.png, https://warsawduragstore.pl/wp-content/uploads/2023/11/wyszol0378-scaled.jpg, https://warsawduragstore.pl/wp-content/uploads/2023/11/wyszol0362-scaled.jpg, https://warsawduragstore.pl/wp-content/uploads/2023/11/wyszol0367-scaled.jpg, https://warsawduragstore.pl/wp-content/uploads/2023/11/wyszol0371-scaled.jpg",,,,,,,,,22,,,,,,
35483,simple,,,"Durag Białystok",1,0,visible,"Brązowy welurowy Durag Białystok","<p data-start=""121"" data-end=""181""><strong data-start=""121"" data-end=""179"">Brązowy welurowy Durag Białystok </strong></p>\n<p data-start=""183"" data-end=""485"">Stylowy brązowy durag uszyty z miękkiego, wysokiej jakości weluru. Materiał jest przyjemny w dotyku, dobrze układa się na głowie i zapewnia komfort noszenia przez cały dzień. Dzięki swojej strukturze durag z weluru świetnie trzyma fryzurę, a jednocześnie stanowi efektowny element codziennego ubioru.</p>\n<p data-start=""487"" data-end=""558""><strong data-start=""487"" data-end=""497"">Seria:</strong> Classic – elegancja i funkcjonalność w codziennym wydaniu.</p>\n<p data-start=""560"" data-end=""634""><strong data-start=""560"" data-end=""572"">Rozmiar:</strong> Uniwersalny, dopasowany do głów osób powyżej 14 roku życia.</p>\n<p data-start=""636"" data-end=""666""><strong data-start=""636"" data-end=""664"">Zalecenia pielęgnacyjne:</strong></p>\n\n<ul data-start=""667"" data-end=""826"">\n 	<li data-start=""667"" data-end=""725"">\n<p data-start=""669"" data-end=""725"">Prać ręcznie w zimnej wodzie, z delikatnym detergentem</p>\n</li>\n 	<li data-start=""726"" data-end=""783"">\n<p data-start=""728"" data-end=""783"">Nie używać wybielaczy ani silnych środków chemicznych</p>\n</li>\n 	<li data-start=""784"" data-end=""826"">\n<p data-start=""786"" data-end=""826"">Suszyć naturalnie, bez użycia suszarki</p>\n</li>\n</ul>\n<p data-start=""828"" data-end=""864""><strong data-start=""828"" data-end=""838"">Skład:</strong> 100% poliester welurowy</p>\n<p data-start=""866"" data-end=""893""><strong data-start=""866"" data-end=""891"">Dodatkowe informacje:</strong></p>\n\n<ul data-start=""894"" data-end=""934"">\n 	<li data-start=""894"" data-end=""913"">\n<p data-start=""896"" data-end=""913"">Darmowa dostawa</p>\n</li>\n 	<li data-start=""914"" data-end=""934"">\n<p data-start=""916"" data-end=""934"">Możliwość zwrotu</p>\n</li>\n</ul>\n<p data-start=""936"" data-end=""1313""><strong data-start=""936"" data-end=""961"">Dlaczego „Białystok”:</strong> nazwa nawiązuje do wielokulturowego charakteru miasta, które od wieków łączy w sobie różne tradycje i style życia. Brązowy kolor duraga symbolizuje stabilność, siłę i naturalność – wartości, które wpisują się w tożsamość Białegostoku jako miasta otwartego i dynamicznego. Durag „Białystok” to połączenie komfortu, elegancji i ponadczasowego designu.</p>",,,taxable,,1,4,,0,0,,,,,0,,,79,"Casual, Velvets",,,"https://warsawduragstore.pl/wp-content/uploads/2025/08/17.png, https://warsawduragstore.pl/wp-content/uploads/2025/06/wyszol0684-scaled.jpg, https://warsawduragstore.pl/wp-content/uploads/2025/06/wyszol0499-scaled.jpg, https://warsawduragstore.pl/wp-content/uploads/2025/06/wyszol0493-scaled.jpg, https://warsawduragstore.pl/wp-content/uploads/2023/04/wyszol0660-scaled.jpg, https://warsawduragstore.pl/wp-content/uploads/2025/06/wyszol0487-scaled.jpg",,,,,,,,,24,,,,,,
35630,variable,,,"Durag Milanówek",1,0,visible,"Jedyny w Polsce durag wykonany z naturalnego jedwabiu zbawiennego dla włosów i skóry głowy","<p data-start=""201"" data-end=""258""><em><strong data-start=""201"" data-end=""256"">Jedwabny Durag Milanówek – Edytorska wersja premium</strong></em></p>\n<p data-start=""260"" data-end=""491""><em>Edytorska wersja premium dla tych, którzy wiedzą, że <strong data-start=""313"" data-end=""335"">detal robi różnicę</strong>. Uszyty z najwyższej jakości <strong data-start=""365"" data-end=""394"">100% jedwabiu naturalnego</strong> (95% jedwab + 5% elastan), lekki, miękki i oddychający – dostępny w kolorach czarnym i białym.</em></p>\n<p data-start=""493"" data-end=""771""><em>Wykończony ręcznie, z dbałością o każdy szew, stanowi nie tylko elegancki element codziennego stylu, ale też <strong data-start=""602"" data-end=""627"">kolekcjonerski akcent</strong>. Inspirowany historią polskiego jedwabnictwa, hołduje klasycznej elegancji i praktyczności, które od wieków charakteryzują luksusowe dodatki.</em></p>\n<p data-start=""773"" data-end=""966""><em>To jedyny durag w Polsce wykonany z prawdziwego jedwabiu. Do każdego produktu dołączamy <strong data-start=""861"" data-end=""898"">próbkę materiału do testu palenia</strong>, aby łatwo przekonać się o autentyczności jedwabiu w próbie ognia.</em></p>\n<p data-start=""968"" data-end=""992""><em><strong data-start=""968"" data-end=""990"">✦ Detale produktu:</strong></em></p>\n\n<ul data-start=""993"" data-end=""1250"">\n 	<li data-start=""993"" data-end=""1076"">\n<p data-start=""995"" data-end=""1076""><em><strong data-start=""995"" data-end=""1008"">Materiał:</strong> 95% jedwab naturalny, 5% elastan (zachowuje strukturę i trwałość)</em></p>\n</li>\n 	<li data-start=""1077"" data-end=""1134"">\n<p data-start=""1079"" data-end=""1134""><em><strong data-start=""1079"" data-end=""1093"">Gramatura:</strong> lekka, a jednocześnie trzymająca formę</em></p>\n</li>\n 	<li data-start=""1135"" data-end=""1192"">\n<p data-start=""1137"" data-end=""1192""><em><strong data-start=""1137"" data-end=""1153"">Wykończenie:</strong> ręczne obszycia dla perfekcji detalu</em></p>\n</li>\n 	<li data-start=""1193"" data-end=""1250"">\n<p data-start=""1195"" data-end=""1250""><em><strong data-start=""1195"" data-end=""1214"">Długość pasków:</strong> dłuższe wiązanie – komfort i styl</em></p>\n</li>\n</ul>\n<p data-start=""1252"" data-end=""1562""><em><strong data-start=""1252"" data-end=""1277"">Dlaczego „Milanówek”:</strong> nazwa nawiązuje do miejskiego charakteru i elegancji tego podwarszawskiego miasteczka, które od lat słynie z klasycznych i wyrafinowanych detali. Durag „Milanówek” symbolizuje precyzję, luksus i dbałość o każdy detal – tak jak sama miejscowość łączy tradycję z wyrafinowanym stylem.</em></p>\n[video width=""720"" height=""1280"" mp4=""https://warsawduragstore.pl/wp-content/uploads/2025/06/prezentacja-durag-milanowek.mp4""][/video]",,,taxable,,1,,,0,0,,,,,0,,,,"Jedwab, Premium",,,"https://warsawduragstore.pl/wp-content/uploads/2025/06/DSC_0736-1-scaled.webp, https://warsawduragstore.pl/wp-content/uploads/2025/06/DSC_0728-scaled.webp, https://warsawduragstore.pl/wp-content/uploads/2025/06/DSC_0702-scaled.webp, https://warsawduragstore.pl/wp-content/uploads/2025/08/IMG_0062-rotated-scaled.jpg, https://warsawduragstore.pl/wp-content/uploads/2025/06/wyszol0323-scaled.jpg, https://warsawduragstore.pl/wp-content/uploads/2025/06/wyszol0327-scaled.jpg, https://warsawduragstore.pl/wp-content/uploads/2025/06/wyszol0329-scaled.jpg, https://warsawduragstore.pl/wp-content/uploads/2025/06/wyszol1044-scaled.jpg, https://warsawduragstore.pl/wp-content/uploads/2025/06/wyszol1062-scaled.jpg, https://warsawduragstore.pl/wp-content/uploads/2025/06/wyszol0265-scaled.jpg, https://warsawduragstore.pl/wp-content/uploads/2025/06/wyszol0268-scaled.jpg, https://warsawduragstore.pl/wp-content/uploads/2025/06/wyszol0273-scaled.jpg, https://warsawduragstore.pl/wp-content/uploads/2025/06/DSC_0694-scaled.webp, https://warsawduragstore.pl/wp-content/uploads/2025/06/DSC_0762-scaled.webp, https://warsawduragstore.pl/wp-content/uploads/2025/06/DSC_0729-scaled.webp, https://warsawduragstore.pl/wp-content/uploads/2025/06/DSC_0755-scaled.webp",,,,,,,,,3,,Kolor,"Czarny, Biały",1,0,Czarny
35631,variation,,,"Durag Milanówek - Czarny",1,0,visible,,"Głęboka czerń",,,taxable,parent,1,17,,0,0,,,,,0,,,179,,,,https://warsawduragstore.pl/wp-content/uploads/2025/06/wyszol1127-1-scaled.jpg,,,id:35630,,,,,,1,,Kolor,Czarny,,0,
35632,variation,,,"Durag Milanówek - Biały",1,0,visible,,"Czysta biel",,,taxable,parent,1,6,,0,0,,,,,0,,,179,,,,https://warsawduragstore.pl/wp-content/uploads/2025/06/wyszol1125-2-scaled.jpg,,,id:35630,,,,,,2,,Kolor,Biały,,0,
35651,variable,,,"Durag Stalowa Wola",1,0,visible,"<p data-start=""267"" data-end=""510"">Nie każdy durag musi być jedwabiem. Czasem potrzebujesz czegoś, co <strong data-start=""334"" data-end=""375"">trzyma się mocno i jest nieco sztywniejsze</strong>. Ten model to edycja z grubszej, cięższej <strong data-start=""418"" data-end=""437"">krepy satynowej</strong>, która daje <strong data-start=""450"" data-end=""470"">więcej objętości</strong>, lepsze przyleganie i trwałość na lata.</p>\n<p data-start=""512"" data-end=""750"">Mięsisty, matowo-połyskujący materiał świetnie wygląda zarówno luzem, jak i ciasno zawiązany. <strong data-start=""606"" data-end=""667"">Idealny na co dzień i na wieczór</strong>. Inspirowany przemysłowym DNA – „Stalowa Wola” to nie tylko nazwa. To nastawienie.</p>\n<p data-start=""512"" data-end=""750"">Dostępny w wersji białej i czarnej</p>\n\n<h3 data-start=""838"" data-end=""860"">✦ Detale produktu:</h3>\n<ul data-start=""861"" data-end=""1110"">\n 	<li data-start=""861"" data-end=""909"">\n<p data-start=""863"" data-end=""909"">Materiał: krepa satynowa (gruba, strukturalna)</p>\n</li>\n 	<li data-start=""910"" data-end=""962"">\n<p data-start=""912"" data-end=""962"">Gramatura: heavyweight – dla trwałości i kompresji</p>\n</li>\n 	<li data-start=""963"" data-end=""1012"">\n<p data-start=""965"" data-end=""1012"">Tekstura: matowy połysk + delikatna ziarnistość</p>\n</li>\n 	<li data-start=""1013"" data-end=""1070"">\n<p data-start=""1015"" data-end=""1070"">Długość pasków: przedłużane – dla mocniejszego wiązania</p>\n</li>\n</ul>\n&nbsp;\n<h3 data-start=""1117"" data-end=""1158"">✦ Jak dbać o durag z krepy satynowej:</h3>\n<ul data-start=""1159"" data-end=""1438"">\n 	<li data-start=""1159"" data-end=""1228"">\n<p data-start=""1161"" data-end=""1228"">Prać <strong data-start=""1166"" data-end=""1210"">ręcznie lub w pralce (program delikatny)</strong>, w zimnej wodzie.</p>\n</li>\n 	<li data-start=""1229"" data-end=""1298"">\n<p data-start=""1231"" data-end=""1298"">Suszyć <strong data-start=""1238"" data-end=""1267"">na płasko lub na wieszaku</strong>, nie używać suszarki bębnowej.</p>\n</li>\n 	<li data-start=""1299"" data-end=""1350"">\n<p data-start=""1301"" data-end=""1350"">Unikać mocnego prasowania – lekka para wystarczy.</p>\n</li>\n 	<li data-start=""1351"" data-end=""1438"">\n<p data-start=""1353"" data-end=""1438"">Materiał odporny na zagniecenia i przetarcia – <strong data-start=""1400"" data-end=""1437"">stworzony do codziennego noszenia</strong>.</p>\n</li>\n</ul>",,,,taxable,,1,,,0,0,,,,,0,,,,Premium,,,"https://warsawduragstore.pl/wp-content/uploads/2025/05/wyszol0130-scaled.jpg, https://warsawduragstore.pl/wp-content/uploads/2025/05/wyszol0146-scaled.jpg, https://warsawduragstore.pl/wp-content/uploads/2025/06/wyszol0125-scaled.jpg, https://warsawduragstore.pl/wp-content/uploads/2025/06/wyszol0202-scaled.jpg, https://warsawduragstore.pl/wp-content/uploads/2025/08/IMG_0078-rotated-scaled.jpg, https://warsawduragstore.pl/wp-content/uploads/2025/06/wyszol0198-scaled.jpg, https://warsawduragstore.pl/wp-content/uploads/2025/06/wyszol0206-scaled.jpg, https://warsawduragstore.pl/wp-content/uploads/2025/06/wyszol0214-scaled.jpg, https://warsawduragstore.pl/wp-content/uploads/2025/06/wyszol0218-scaled.jpg, https://warsawduragstore.pl/wp-content/uploads/2025/06/wyszol0224-scaled.jpg, https://warsawduragstore.pl/wp-content/uploads/2025/06/wyszol0236-scaled.jpg, https://warsawduragstore.pl/wp-content/uploads/2025/06/wyszol0244-scaled.jpg, https://warsawduragstore.pl/wp-content/uploads/2025/06/wyszol0251-scaled.jpg, https://warsawduragstore.pl/wp-content/uploads/2025/06/wyszol0286-scaled.jpg",,,,,,,,,25,,Kolor,"Czarny, Biały",1,0,Czarny
35652,variation,,,"Durag Stalowa Wola - Czarny",1,0,visible,,"Głęboka czerń",,,taxable,parent,1,1,,0,0,,,,,0,,,120,,,,https://warsawduragstore.pl/wp-content/uploads/2025/05/wyszol0259-scaled.jpg,,,id:35651,,,,,,1,,Kolor,Czarny,,0,
35653,variation,,,"Durag Stalowa Wola - Biały",1,0,visible,,,,,taxable,parent,1,4,,0,0,,,,,0,,,120,,,,https://warsawduragstore.pl/wp-content/uploads/2025/06/wyszol0339-scaled.jpg,,,id:35651,,,,,,2,,Kolor,Biały,,0,
35704,variable,,,Czepek,1,0,visible,"<p data-start=""169"" data-end=""463"">Lekki i oddychający czepek wykonany z elastycznego materiału, który doskonale dopasowuje się do kształtu głowy. Zapewnia wygodę noszenia zarówno w dzień, jak i w nocy. Idealny do ochrony fryzury przed tarciem, kurzem oraz przesuszeniem. Sprawdzi się również jako warstwa pod czapką lub kaskiem. Dostępny w wersji białej czarnej i srebrnej</p>\n<p data-start=""465"" data-end=""634"">Dzięki swojej konstrukcji czepek utrzymuje włosy w porządku, zapobiega ich plątaniu i elektryzowaniu się. Miękki materiał nie uciska i nie powoduje podrażnień skóry głowy.</p>\n\n\n<hr data-start=""636"" data-end=""639"" />\n<p data-start=""641"" data-end=""660""><strong data-start=""641"" data-end=""660"">Cechy produktu:</strong></p>\n\n<ul data-start=""661"" data-end=""947"">\n 	<li data-start=""661"" data-end=""737"">\n<p data-start=""663"" data-end=""737"">uniwersalny rozmiar – elastyczny materiał dopasowuje się do każdej głowy</p>\n</li>\n 	<li data-start=""738"" data-end=""785"">\n<p data-start=""740"" data-end=""785"">miękki, przewiewny i szybkoschnący materiał</p>\n</li>\n 	<li data-start=""786"" data-end=""841"">\n<p data-start=""788"" data-end=""841"">idealny do spania, treningu lub noszenia pod czapką</p>\n</li>\n 	<li data-start=""842"" data-end=""892"">\n<p data-start=""844"" data-end=""892"">zapobiega puszeniu się i elektryzowaniu włosów</p>\n</li>\n</ul>",,,,taxable,,1,,,0,0,,,,,0,,,,Czepek,,,"https://warsawduragstore.pl/wp-content/uploads/2025/06/wyszol0984-scaled.jpg, https://warsawduragstore.pl/wp-content/uploads/2025/06/wyszol0981-scaled.jpg, https://warsawduragstore.pl/wp-content/uploads/2025/06/wyszol0982-scaled.jpg, https://warsawduragstore.pl/wp-content/uploads/2025/06/wyszol0985-scaled.jpg, https://warsawduragstore.pl/wp-content/uploads/2025/06/wyszol0975-scaled.jpg",,,,,,,,,26,,kolor,"Czarny, Biały, Srebrny",1,0,
35714,variation,,,"Czepek - Czarny",1,0,visible,,,,,taxable,parent,1,2,,0,0,,,,,0,,,40,,,,,,,id:35704,,,,,,1,,kolor,Czarny,,0,
35715,variation,,,"Czepek - Biały",1,0,visible,,,,,taxable,parent,1,1,,0,0,,,,,0,,,40,,,,,,,id:35704,,,,,,2,,kolor,Biały,,0,
35716,variation,,,"Czepek - Srebrny",1,0,visible,,,,,taxable,parent,0,0,,0,0,,,,,0,,,40,,,,,,,id:35704,,,,,,3,,kolor,Srebrny,,0,
35937,variable,,,"Durag Żyrardów",1,0,visible,"[video width=""720"" height=""1280"" mp4=""https://warsawduragstore.pl/wp-content/uploads/2025/08/Projekt-bez-nazwy.mp4""][/video]\n<p data-start=""34"" data-end=""348"">Tradycyjny Durag Żyrardów wykonany z naturalnego oddychającego lnu świetny, dla skóry głowy oraz włosów</p>\n[video width=""720"" height=""1280"" mp4=""https://warsawduragstore.pl/wp-content/uploads/2025/08/Projekt-bez-nazwy-1.mp4""][/video]","<p data-start=""211"" data-end=""284""><em><strong data-start=""211"" data-end=""282"">Lniany Durag Żyrardów – rzemieślnicza tradycja w nowoczesnej formie</strong></em></p>\n<p data-start=""286"" data-end=""607""><em>Unikatowy durag uszyty z naturalnego lnu, materiału znanego ze swojej przewiewności, trwałości i szlachetnej faktury. Każdy egzemplarz powstaje w duchu rzemiosła – z dbałością o detale i poszanowaniem dla materiału. Len z czasem nabiera charakteru, dzięki czemu Twój durag staje się coraz bardziej osobisty i wyjątkowy.</em></p>\n<p data-start=""609"" data-end=""681""><em><strong data-start=""609"" data-end=""619"">Seria:</strong> Premium– dla tych, którzy cenią tradycję i autentyczność.</em></p>\n<p data-start=""683"" data-end=""737""><em><strong data-start=""683"" data-end=""695"">Rozmiar:</strong> Uniwersalny, dla osób od 14 roku życia.</em></p>\n<p data-start=""739"" data-end=""769""><em><strong data-start=""739"" data-end=""767"">Zalecenia pielęgnacyjne:</strong></em></p>\n\n<ul data-start=""770"" data-end=""957"">\n 	<li data-start=""770"" data-end=""828"">\n<p data-start=""772"" data-end=""828""><em>Prać ręcznie w letniej wodzie z delikatnym detergentem</em></p>\n</li>\n 	<li data-start=""829"" data-end=""893"">\n<p data-start=""831"" data-end=""893""><em>Unikać suszenia mechanicznego, najlepiej rozwiesić na płasko</em></p>\n</li>\n 	<li data-start=""894"" data-end=""957"">\n<p data-start=""896"" data-end=""957""><em>Len z czasem staje się jeszcze bardziej miękki i komfortowy</em></p>\n</li>\n</ul>\n<p data-start=""959"" data-end=""990""><em><strong data-start=""959"" data-end=""969"">Skład:</strong> 100% len naturalny</em></p>\n<p data-start=""992"" data-end=""1019""><em><strong data-start=""992"" data-end=""1017"">Dodatkowe informacje:</strong></em></p>\n\n<ul data-start=""1020"" data-end=""1060"">\n 	<li data-start=""1020"" data-end=""1039"">\n<p data-start=""1022"" data-end=""1039""><em>Darmowa dostawa</em></p>\n</li>\n 	<li data-start=""1040"" data-end=""1060"">\n<p data-start=""1042"" data-end=""1060""><em>Możliwość zwrotu</em></p>\n</li>\n</ul>\n<p data-start=""1062"" data-end=""1352""><em><strong data-start=""1062"" data-end=""1086"">Dlaczego „Żyrardów”:</strong> nazwa odwołuje się do przemysłowych korzeni miasta, które w XIX wieku było jednym z najważniejszych ośrodków produkcji lnu w Europie. Durag „Żyrardów” to hołd dla polskiej tradycji włókienniczej – prostota, wytrzymałość i elegancja zaklęte w naturalnym materiale.</em></p>",,,taxable,,1,,,0,0,,,,,0,,,,Premium,,,"https://warsawduragstore.pl/wp-content/uploads/2025/08/DSC07530-scaled.jpg, https://warsawduragstore.pl/wp-content/uploads/2025/08/DSC_0579-scaled.jpg, https://warsawduragstore.pl/wp-content/uploads/2025/08/DSC_0618-scaled.jpg, https://warsawduragstore.pl/wp-content/uploads/2025/08/DSC_0659-scaled.jpg, https://warsawduragstore.pl/wp-content/uploads/2025/08/IMG_0074-rotated-scaled.jpg, https://warsawduragstore.pl/wp-content/uploads/2025/08/IMG_0069-rotated-scaled.jpg, https://warsawduragstore.pl/wp-content/uploads/2025/08/DSC07627-scaled.jpg, https://warsawduragstore.pl/wp-content/uploads/2025/08/DSC_0602-scaled.jpg, https://warsawduragstore.pl/wp-content/uploads/2025/08/DSC_0544-scaled.jpg, https://warsawduragstore.pl/wp-content/uploads/2025/08/DSC07594-scaled.jpg, https://warsawduragstore.pl/wp-content/uploads/2025/08/DSC_0608-scaled.jpg, https://warsawduragstore.pl/wp-content/uploads/2025/08/DSC07653-scaled.jpg, https://warsawduragstore.pl/wp-content/uploads/2025/08/DSC_0594-scaled-e1755472832900.jpg, https://warsawduragstore.pl/wp-content/uploads/2025/08/DSC07469-scaled.jpg, https://warsawduragstore.pl/wp-content/uploads/2025/08/DSC_0684-scaled.jpg, https://warsawduragstore.pl/wp-content/uploads/2025/08/DSC_0678-scaled.jpg, https://warsawduragstore.pl/wp-content/uploads/2025/08/DSC_0670-scaled.jpg",,,,,,,,,15,,Kolor,"Czarny, Beżowy",1,0,
35938,variation,,,"Durag Żyrardów - Czarny",1,0,visible,,"W wersji głębokiej czerni",,,taxable,parent,1,5,,0,0,,,,,0,,,120,,,,https://warsawduragstore.pl/wp-content/uploads/2025/08/DSC07475-scaled.jpg,,,id:35937,,,,,,1,,Kolor,Czarny,,0,
35939,variation,,,"Durag Żyrardów - Beżowy",1,0,visible,,"W wersji naturalnego beżu",,,taxable,parent,1,3,,0,0,,,,,0,,,120,,,,https://warsawduragstore.pl/wp-content/uploads/2025/08/DSC07506-scaled.jpg,,,id:35937,,,,,,2,,Kolor,Beżowy,,0,
36271,variable,,,"Czepek kąpielowy",1,0,visible,,"<p class=""my-2 [&amp;+p]:mt-4 [&amp;_strong:has(+br)]:inline-block [&amp;_strong:has(+br)]:pb-2"">Satynowy czepek do spania, który chroni włosy przed uszkodzeniami i utratą nawilżenia podczas snu.</p>\n\n<h2 class=""mb-2 mt-4 font-display font-semimedium text-base first:mt-0""><strong>Korzyści</strong></h2>\n<ul class=""marker:text-quiet list-disc"">\n 	<li class=""py-0 my-0 prose-p:pt-0 prose-p:mb-2 prose-p:my-0 [&amp;&gt;p]:pt-0 [&amp;&gt;p]:mb-2 [&amp;&gt;p]:my-0"">\n<p class=""my-2 [&amp;+p]:mt-4 [&amp;_strong:has(+br)]:inline-block [&amp;_strong:has(+br)]:pb-2"">Eliminuje puszenie i łamanie włosów dzięki gładkiej powierzchni</p>\n</li>\n 	<li class=""py-0 my-0 prose-p:pt-0 prose-p:mb-2 prose-p:my-0 [&amp;&gt;p]:pt-0 [&amp;&gt;p]:mb-2 [&amp;&gt;p]:my-0"">\n<p class=""my-2 [&amp;+p]:mt-4 [&amp;_strong:has(+br)]:inline-block [&amp;_strong:has(+br)]:pb-2"">Zachowuje naturalne nawilżenie i blask</p>\n</li>\n 	<li class=""py-0 my-0 prose-p:pt-0 prose-p:mb-2 prose-p:my-0 [&amp;&gt;p]:pt-0 [&amp;&gt;p]:mb-2 [&amp;&gt;p]:my-0"">\n<p class=""my-2 [&amp;+p]:mt-4 [&amp;_strong:has(+br)]:inline-block [&amp;_strong:has(+br)]:pb-2"">Chroni stylizację przez całą noc</p>\n</li>\n 	<li class=""py-0 my-0 prose-p:pt-0 prose-p:mb-2 prose-p:my-0 [&amp;&gt;p]:pt-0 [&amp;&gt;p]:mb-2 [&amp;&gt;p]:my-0"">\n<p class=""my-2 [&amp;+p]:mt-4 [&amp;_strong:has(+br)]:inline-block [&amp;_strong:has(+br)]:pb-2"">Idealny dla włosów kręconych, delikatnych i farbowanych</p>\n</li>\n</ul>\n<h2 class=""mb-2 mt-4 font-display font-semimedium text-base first:mt-0""><strong>Szczegóły</strong></h2>\n<p class=""my-2 [&amp;+p]:mt-4 [&amp;_strong:has(+br)]:inline-block [&amp;_strong:has(+br)]:pb-2""><strong>Materiał:</strong> 100% poliester\n<strong>Rozmiar:</strong> uniwersalny z regulowaną gumką</p>",,,taxable,,1,,,0,0,,,,,0,,,,Czepek,,,"https://warsawduragstore.pl/wp-content/uploads/2025/10/26.png, https://warsawduragstore.pl/wp-content/uploads/2025/10/28.png, https://warsawduragstore.pl/wp-content/uploads/2025/10/29.png, https://warsawduragstore.pl/wp-content/uploads/2025/10/30.png, https://warsawduragstore.pl/wp-content/uploads/2025/10/31.png, https://warsawduragstore.pl/wp-content/uploads/2025/10/33.png, https://warsawduragstore.pl/wp-content/uploads/2025/10/32.png, https://warsawduragstore.pl/wp-content/uploads/2025/10/22.png, https://warsawduragstore.pl/wp-content/uploads/2025/10/23.png, https://warsawduragstore.pl/wp-content/uploads/2025/10/24.png, https://warsawduragstore.pl/wp-content/uploads/2025/10/25.png, https://warsawduragstore.pl/wp-content/uploads/2025/10/34.png, https://warsawduragstore.pl/wp-content/uploads/2025/10/35.png, https://warsawduragstore.pl/wp-content/uploads/2025/10/26.png, https://warsawduragstore.pl/wp-content/uploads/2025/10/27.png, https://warsawduragstore.pl/wp-content/uploads/2025/10/36.png, https://warsawduragstore.pl/wp-content/uploads/2025/10/37.png",,,,,,,,,21,,Kolor,"Różowy, Zielony, Czarny, Jasnoniebieski, Ciemno niebieski, Czerwony, Biały",1,0,
36272,variation,,,"Czepek kąpielowy - Różowy",1,0,visible,,,,,taxable,parent,1,3,,0,0,,,,,0,,,49,,,,https://warsawduragstore.pl/wp-content/uploads/2025/10/22.png,,,id:36271,,,,,,1,,Kolor,Różowy,,0,
36273,variation,,,"Czepek kąpielowy - Zielony",1,0,visible,,,,,taxable,parent,1,2,,0,0,,,,,0,,,49,,,,https://warsawduragstore.pl/wp-content/uploads/2025/10/30.png,,,id:36271,,,,,,2,,Kolor,Zielony,,0,
36274,variation,,,"Czepek kąpielowy - Czarny",1,0,visible,,,,,taxable,parent,0,-1,,0,0,,,,,0,,,49,,,,https://warsawduragstore.pl/wp-content/uploads/2025/10/36.png,,,id:36271,,,,,,3,,Kolor,Czarny,,0,
36275,variation,,,"Czepek kąpielowy - Jasnoniebieski",1,0,visible,,,,,taxable,parent,1,3,,0,0,,,,,0,,,49,,,,https://warsawduragstore.pl/wp-content/uploads/2025/10/28.png,,,id:36271,,,,,,4,,Kolor,Jasnoniebieski,,0,
36276,variation,,,"Czepek kąpielowy - Ciemno niebieski",1,0,visible,,,,,taxable,parent,1,1,,0,0,,,,,0,,,,,,,https://warsawduragstore.pl/wp-content/uploads/2025/10/24.png,,,id:36271,,,,,,5,,Kolor,"Ciemno niebieski",,0,
36277,variation,,,"Czepek kąpielowy - Czerwony",1,0,visible,,,,,taxable,parent,1,3,,0,0,,,,,0,,,49,,,,https://warsawduragstore.pl/wp-content/uploads/2025/10/34.png,,,id:36271,,,,,,6,,Kolor,Czerwony,,0,
36278,variation,,,"Czepek kąpielowy - Biały",1,0,visible,,,,,taxable,parent,1,3,,0,0,,,,,0,,,49,,,,https://warsawduragstore.pl/wp-content/uploads/2025/10/33.png,,,id:36271,,,,,,7,,Kolor,Biały,,0,
36859,simple,,,"Durag Warszawa",1,0,hidden,,,,,taxable,,1,,,0,0,,,,,0,,,0,"Bez kategorii",,,https://warsawduragstore.pl/wp-content/uploads/2025/08/14.png,,,,,,,,,0,,,,,,
36927,variable,,,"Satin Skullcap",1,0,visible,"<h3 data-path-to-node=""1""><b data-path-to-node=""1"" data-index-in-node=""0"">Skullcap Satin-Lined</b></h3>\n<ul data-path-to-node=""3"">\n 	<li>\n<p data-path-to-node=""3,0,0""><b data-path-to-node=""3,0,0"" data-index-in-node=""0"">Zewnątrz:</b> Gruby, ciepły fleece</p>\n</li>\n 	<li>\n<p data-path-to-node=""3,1,0""><b data-path-to-node=""3,1,0"" data-index-in-node=""0"">Wnętrze:</b> Gładka podszewka satynowa</p>\n</li>\n</ul>\n<p data-path-to-node=""4""><b data-path-to-node=""4"" data-index-in-node=""0"">Zalety satyny:</b></p>\n\n<ul data-path-to-node=""5"">\n 	<li>\n<p data-path-to-node=""5,0,0"">Redukuje puszenie i łamanie włosów.</p>\n</li>\n 	<li>\n<p data-path-to-node=""5,1,0"">Zatrzymuje naturalne nawilżenie.</p>\n</li>\n 	<li>\n<p data-path-to-node=""5,2,0"">Gwarantuje lekkość i brak ucisku.</p>\n</li>\n</ul>\n<p data-path-to-node=""6""><b data-path-to-node=""6"" data-index-in-node=""0"">Skład:</b> Warstwa zewnętrzna: 100% poliester (fleece). Podszewka: 100% satyna</p>\n<p data-path-to-node=""7""><b data-path-to-node=""7"" data-index-in-node=""0"">Rozmiary:</b></p>\n\n<ul data-path-to-node=""8"">\n 	<li>\n<p data-path-to-node=""8,0,0""><b data-path-to-node=""8,0,0"" data-index-in-node=""0"">M:</b> Standardowy.</p>\n</li>\n 	<li>\n<p data-path-to-node=""8,1,0""><b data-path-to-node=""8,1,0"" data-index-in-node=""0"">L:</b> Extra volume (dla gęstych włosów, dredów, warkoczy).</p>\n</li>\n</ul>","<h3 data-path-to-node=""2""><b data-path-to-node=""2"" data-index-in-node=""0"">Skullcap Satin-Lined: Klasyka, dobra dla Twoich włosów</b></h3>\n<p data-path-to-node=""3"">Nasz Skullcap to dopieszczony klasyk, w którym połączyliśmy surowy, miejski styl z pielęgnacją włosów. Z zewnątrz postawiliśmy na <b data-path-to-node=""3"" data-index-in-node=""143"">przyjemny, gruby fleece, </b>przyjemny w dotyku i chroniący przed wiatrem. Prawdziwa rewolucja kryje się jednak w środku – to podszewka wykonana z najwyższej jakości satyny.</p>\n<p data-path-to-node=""4""><b data-path-to-node=""4"" data-index-in-node=""0"">Dlaczego satyna zmienia zasady gry?</b></p>\n<p data-path-to-node=""4"">Satyna to nie tylko materiał, to unikalna technika splotu, która tworzy wyjątkowo gładką i lśniącą powierzchnię. Dzięki niej nasza czapka:</p>\n\n<ul data-path-to-node=""5"">\n 	<li>\n<p data-path-to-node=""5,0,0""><b data-path-to-node=""5,0,0"" data-index-in-node=""0"">Skutecznie chroni Twoje włosy:</b> Stanowi barierę ochronną przed uszkodzeniami mechanicznymi.</p>\n</li>\n 	<li>\n<p data-path-to-node=""5,1,0""><b data-path-to-node=""5,1,0"" data-index-in-node=""0"">Zapobiega puszeniu się:</b> Minimalizuje tarcie, dzięki czemu Twoje włosy pozostają gładkie, lśniące i pod pełną kontrolą nawet po zdjęciu czapki.</p>\n</li>\n 	<li>\n<p data-path-to-node=""5,2,0""><b data-path-to-node=""5,2,0"" data-index-in-node=""0"">Zatrzymuje nawilżenie:</b> W przeciwieństwie do zwykłych podszewek, satyna nie chłonie wody, pomagając zachować naturalną wilgoć Twoich włosów. Dzięki temu pozostają one miękkie i zdrowe.</p>\n</li>\n 	<li>\n<p data-path-to-node=""5,3,0""><b data-path-to-node=""5,3,0"" data-index-in-node=""0"">Daje wyjątkowe uczucie komfortu:</b> Jest niesamowicie lekka i przyjemna w kontakcie ze skórą głowy. Pozwala na noszenie czapki przez cały dzień bez najmniejszego dyskomfortu.</p>\n</li>\n</ul>\n<p data-path-to-node=""6""><b data-path-to-node=""6"" data-index-in-node=""0"">Idealne dopasowanie</b> Czapka dostępna jest w dwóch rozmiarach. Większą wersję stworzyliśmy specjalnie z myślą o osobach z większą ilością włosów, dredami lub fryzurami o dużej objętości – tak, aby zapewnić im luz i pełną swobodę.</p>",,,taxable,,1,,,0,0,,,,,0,,,,Skullcap,,,"https://warsawduragstore.pl/wp-content/uploads/2026/04/DSC0436-scaled.jpg, https://warsawduragstore.pl/wp-content/uploads/2026/04/DSC0227-scaled.jpg, https://warsawduragstore.pl/wp-content/uploads/2026/04/DSC0211-scaled.jpg, https://warsawduragstore.pl/wp-content/uploads/2026/04/DSC0234-scaled.jpg, https://warsawduragstore.pl/wp-content/uploads/2026/04/DSC0095-scaled.jpg, https://warsawduragstore.pl/wp-content/uploads/2026/04/DSC0060-scaled.jpg, https://warsawduragstore.pl/wp-content/uploads/2026/04/DSC0049-scaled.jpg, https://warsawduragstore.pl/wp-content/uploads/2026/04/DSC0091-scaled.jpg, https://warsawduragstore.pl/wp-content/uploads/2026/04/DSC0088-scaled.jpg, https://warsawduragstore.pl/wp-content/uploads/2026/04/DSC0436-scaled.jpg, https://warsawduragstore.pl/wp-content/uploads/2026/04/DSC0431-scaled.jpg",,,,,,,,,0,,Wielkość,"M, L",1,0,M
36940,variation,,,"Satin Skullcap - M",1,0,visible,,,,,taxable,parent,1,,,0,0,,,,,0,,,99,,,,,,,id:36927,,,,,,1,,Wielkość,M,,0,
36941,variation,,,"Satin Skullcap - L",1,0,visible,,,,,taxable,parent,1,,,0,0,,,,,0,,,99,,,,,,,id:36927,,,,,,2,,Wielkość,L,,0,
36958,variable,,,"Jedwabna scrunchie",1,0,visible,"Gumka typu scrunchie wykonana ze 100 procentowego naturalnego jedwabiu dostępna w kolorze białym i czarnym","Gumka typu scrunchie wykonana ze 100 procentowego naturalnego jedwabiu dostępna w kolorze białym i czarnym",,,taxable,,1,,,0,0,,,,,0,,,,Jedwab,,,https://warsawduragstore.pl/wp-content/uploads/2026/04/DSC0454-scaled.jpg,,,,,,,,,0,,kolor,"Czarny, Biały",1,0,Biały
36964,variation,,,"Jedwabna scrunchie - Czarny",1,0,visible,,,,,taxable,parent,1,,,0,0,,,,,0,,,29,,,,,,,id:36958,,,,,,1,,kolor,Czarny,,0,
36965,variation,,,"Jedwabna scrunchie - Biały",1,0,visible,,,,,taxable,parent,1,,,0,0,,,,,0,,,29,,,,,,,id:36958,,,,,,2,,kolor,Biały,,0,
36974,simple,,,"Durag Bydgoszcz",1,0,visible,"Przygaszony pomarańczowy Durag Bydgoszcz","Durag wykonany z przygaszonego pomarańczowego materiału cupro",,,taxable,,1,,,0,0,,,,,0,,,120,"Premium, Skullcap",,,"https://warsawduragstore.pl/wp-content/uploads/2026/04/DSC0264-scaled.jpg, https://warsawduragstore.pl/wp-content/uploads/2026/04/DSC0247-scaled.jpg, https://warsawduragstore.pl/wp-content/uploads/2026/04/DSC0125-scaled.jpg, https://warsawduragstore.pl/wp-content/uploads/2026/04/DSC0142-scaled.jpg, https://warsawduragstore.pl/wp-content/uploads/2026/04/DSC0258-scaled.jpg, https://warsawduragstore.pl/wp-content/uploads/2026/04/DSC0262-scaled.jpg",,,,,,,,,0,,,,,,
